{"cameraMode":{"drawMode":0,"name":"Shaded","section":"Shading Mode"},"sceneLighting":false,"audioPlay":false,"sceneViewState":{"showFog":true,"showMaterialUpdate":false,"showSkybox":false,"showFlares":true,"showImageEffects":true,"showParticleSystems":true},"in2DMode":false,"pivot":{"x":0.004582911729812622,"y":0.9498773813247681,"z":0.27001869678497317},"rotation":{"x":0.09395673125982285,"y":0.7547293305397034,"z":-0.11083290725946427,"w":0.639796257019043},"size":1.5588750839233399,"orthographic":false}