{"cameraMode":{"drawMode":0,"name":"Shaded","section":"Shading Mode"},"sceneLighting":false,"audioPlay":false,"sceneViewState":{"showFog":true,"showMaterialUpdate":false,"showSkybox":false,"showFlares":true,"showImageEffects":true,"showParticleSystems":true},"in2DMode":false,"pivot":{"x":-1.1418943405151368,"y":0.9714093804359436,"z":-1.4571982622146607},"rotation":{"x":-0.000011503211680974346,"y":-0.8944296836853027,"z":0.00018806234584189951,"w":0.44724881649017336},"size":2.1133246421813967,"orthographic":false}