{"cameraMode":{"drawMode":0,"name":"Shaded","section":"Shading Mode"},"sceneLighting":false,"audioPlay":false,"sceneViewState":{"showFog":true,"showMaterialUpdate":false,"showSkybox":false,"showFlares":true,"showImageEffects":true,"showParticleSystems":true},"in2DMode":false,"pivot":{"x":-16.220256805419923,"y":-0.9974345564842224,"z":-16.01442527770996},"rotation":{"x":-0.005437782034277916,"y":-0.9914340972900391,"z":0.12287881225347519,"w":-0.044044043868780139},"size":6.285584449768066,"orthographic":false}