{"cameraMode":{"drawMode":0,"name":"Shaded","section":"Shading Mode"},"sceneLighting":false,"audioPlay":false,"sceneViewState":{"showFog":true,"showMaterialUpdate":false,"showSkybox":false,"showFlares":true,"showImageEffects":true,"showParticleSystems":true},"in2DMode":false,"pivot":{"x":8.199999809265137,"y":1.8580000400543213,"z":-0.7299999594688416},"rotation":{"x":0.27999740839004519,"y":0.19161120057106019,"z":-0.05716085061430931,"w":0.9389523863792419},"size":0.3733408451080322,"orthographic":false}