{"cameraMode":{"drawMode":0,"name":"Shaded","section":"Shading Mode"},"sceneLighting":false,"audioPlay":false,"sceneViewState":{"showFog":true,"showMaterialUpdate":false,"showSkybox":false,"showFlares":true,"showImageEffects":true,"showParticleSystems":true},"in2DMode":false,"pivot":{"x":-0.1166771650314331,"y":1.2474473714828492,"z":0.0},"rotation":{"x":0.24822360277175904,"y":-0.20529508590698243,"z":0.05392913147807121,"w":0.9452354311943054},"size":2.0615100860595705,"orthographic":false}