{"cameraMode":{"drawMode":0,"name":"Shaded","section":"Shading Mode"},"sceneLighting":false,"audioPlay":false,"sceneViewState":{"showFog":true,"showMaterialUpdate":false,"showSkybox":false,"showFlares":true,"showImageEffects":true,"showParticleSystems":true},"in2DMode":false,"pivot":{"x":-1.5798931121826172,"y":0.41315221786499026,"z":0.09769145399332047},"rotation":{"x":-0.03722895681858063,"y":0.9494948983192444,"z":-0.12346653640270233,"w":-0.2862682640552521},"size":2.4442830085754396,"orthographic":false}