{"cameraMode":{"drawMode":0,"name":"Shaded","section":"Shading Mode"},"sceneLighting":false,"audioPlay":false,"sceneViewState":{"showFog":true,"showMaterialUpdate":false,"showSkybox":false,"showFlares":true,"showImageEffects":true,"showParticleSystems":true},"in2DMode":false,"pivot":{"x":6.699999809265137,"y":1.124999761581421,"z":0.0003923773765563965},"rotation":{"x":0.20619255304336549,"y":0.7476460933685303,"z":-0.2702271342277527,"w":0.5705651640892029},"size":1.5611777305603028,"orthographic":false}