{"cameraMode":{"drawMode":0,"name":"Shaded","section":"Shading Mode"},"sceneLighting":false,"audioPlay":false,"sceneViewState":{"showFog":true,"showMaterialUpdate":false,"showSkybox":false,"showFlares":true,"showImageEffects":true,"showParticleSystems":true},"in2DMode":false,"pivot":{"x":-2.4716615676879885,"y":16.6148624420166,"z":10.024272918701172},"rotation":{"x":-0.006305843126028776,"y":-0.03334735333919525,"z":0.0002216753491666168,"w":-0.9995057582855225},"size":14.757072448730469,"orthographic":false}